INN,Naimenovanie,id_type_partnera,Reiting,Adress_Index,Oblast,Gorod,Ylica,Dom,Familiya_directora,Name_directora,Otchestvo_directora,Phone,Email
2222455179,Школа №1,1,7,652050, Кемеровская область, город Юрга, ул. Лесная,15,Иванова,Александра,Ивановна,+7 493 123 45 67,aleksandraivanova@ml.ru
3333888520,Детский сад №5,2,7,164500, Архангельская область, город Северодвинск, ул. Строителей,18,Петров,Василий,Петрович,+7 987 123 56 78,vppetrov@vl.ru
4440391035,Университет №3,3,7,188910, Ленинградская область, город Приморск, ул. Парковая,21,Соловьев,Андрей,Николаевич,+7 812 223 32 00,ansolovev@st.ru
1111520857,Библиотека №10,4,5,143960, Московская область, город Реутов, ул. Свободы,51,Воробьева,Екатерина,Валерьевна,+7 444 222 33 11,ekaterina.vorobeva@ml.ru
