INN,Naimenovanie,id_type_partnera,Reiting,Familiya_directora,Name_directora,Otchestvo_directora,Email,Phone,Index,Oblast,Gorod,Ylica,Dom
2222455179,Школа №1,1,7,Иванова,Александра,Ивановна,aleksandraivanova@ml.ru,+7 493 123 45 67,652050, Кемеровская область, город Юрга, ул. Лесная,15
3333888520,Детский сад №5,2,7,Петров,Василий,Петрович,vppetrov@vl.ru,+7 987 123 56 78,164500, Архангельская область, город Северодвинск, ул. Строителей,18
4440391035,Университет №3,3,7,Соловьев,Андрей,Николаевич,ansolovev@st.ru,+7 812 223 32 00,188910, Ленинградская область, город Приморск, ул. Парковая,21
1111520857,Библиотека №10,4,5,Воробьева,Екатерина,Валерьевна,ekaterina.vorobeva@ml.ru,+7 444 222 33 11,143960, Московская область, город Реутов, ул. Свободы,51
